# Same layout as CrossPoint Reader: app0 at 0x10000, so LingoInk can be
# flashed over a stock/CrossPoint device with:
#   esptool --chip esp32c3 write_flash 0x10000 firmware.bin
# keeping the bootloader, partition table and NVS (panel calibration) intact.
# Name,   Type, SubType,  Offset,   Size,     Flags
nvs,      data, nvs,     0x9000,   0x5000,
otadata,  data, ota,     0xE000,   0x2000,
app0,     app,  ota_0,   0x10000,  0x640000,
spiffs,   data, spiffs,  0xC90000, 0x360000,
coredump, data, coredump,0xFF0000, 0x10000,
